{
  "timestamp": "2025-07-23T21:16:12.333Z",
  "metrics": {
    "ndcg_at_5": 0.9258064516129031,
    "ndcg_at_10": 0.8258064516129031,
    "map": 0.7758064516129031,
    "mrr": 0.8758064516129032,
    "precision_at_5": 0.9058064516129031,
    "precision_at_10": 0.8558064516129031,
    "feature_importance": {
      "position": 0.017024017698618422,
      "position_log": 0.020247147911223867,
      "position_reciprocal": 0.05637908887944428,
      "position_bias_factor": 0.04594550454673198,
      "position_top_3": 0.04496972525698337,
      "position_top_5": 0.021422263768266135,
      "elasticsearch_score": 0.031561968202741694,
      "elasticsearch_score_normalized": 0.012927411949628397,
      "template_complexity": 0.04226369423698558,
      "generation_attempts": 0.042488708011249994,
      "generation_time_ms": 0.0787185599037482,
      "agent_confidence": 0.01586497740617736,
      "template_success_rate": 0.04151522405399214,
      "query_length": 0.020531320926855133,
      "query_word_count": 0.0011397545276732245,
      "query_complexity": 0.006643129991948234,
      "entity_count": 0.023794011779682992,
      "is_simple_query": 0.032472501881879265,
      "is_complex_query": 0.007888184436991305,
      "is_geo_query": 0.031222015554871613,
      "is_filtered_query": 0.007312453940321329,
      "is_semantic_query": 0.013483028080950109,
      "param_count": 0.024314544829647417,
      "has_bedrooms": 0.011598398641467885,
      "has_bathrooms": 0.004183278508506694,
      "has_price": 0.02165837738774203,
      "has_location": 0.014806731493024047,
      "click_count": 0.025538028259964332,
      "view_count": 0.0005605003731691203,
      "ctr": 0.006018816158931362,
      "avg_dwell_time": 0.006399901922064002,
      "avg_scroll_depth": 0.029304525070670478,
      "title_length": 0.029678557788447763,
      "description_length": 0.00796947770223397,
      "price_normalized": 0.00886207603267886,
      "total_results": 0.008569502147706874,
      "search_time_ms": 0.0010239294627868627,
      "results_density": 0.00406646129665131,
      "conversion_probability": 0.00006152259712104647,
      "engagement_score": 0.005409561093253745,
      "query_frequency": 0.026257412662703896,
      "query_avg_relevance": 0.02051585643373497,
      "query_avg_position": 0.06280564434187748,
      "position_relative_to_avg": 0.03251934842952582,
      "relevance_relative_to_avg": 0.03206285441912509
    },
    "model_size": 0.093,
    "training_time_ms": 1,
    "total_features": 45,
    "total_queries": 10,
    "total_documents": 93
  },
  "feature_names": [
    "position",
    "position_log",
    "position_reciprocal",
    "position_bias_factor",
    "position_top_3",
    "position_top_5",
    "elasticsearch_score",
    "elasticsearch_score_normalized",
    "template_complexity",
    "generation_attempts",
    "generation_time_ms",
    "agent_confidence",
    "template_success_rate",
    "query_length",
    "query_word_count",
    "query_complexity",
    "entity_count",
    "is_simple_query",
    "is_complex_query",
    "is_geo_query",
    "is_filtered_query",
    "is_semantic_query",
    "param_count",
    "has_bedrooms",
    "has_bathrooms",
    "has_price",
    "has_location",
    "click_count",
    "view_count",
    "ctr",
    "avg_dwell_time",
    "avg_scroll_depth",
    "title_length",
    "description_length",
    "price_normalized",
    "total_results",
    "search_time_ms",
    "results_density",
    "conversion_probability",
    "engagement_score",
    "query_frequency",
    "query_avg_relevance",
    "query_avg_position",
    "position_relative_to_avg",
    "relevance_relative_to_avg"
  ],
  "training_data_size": 93,
  "model_version": "1.0.0"
}